stateidnum,state,numcol,yieldpercol,totalprod,stocks,priceperlb,prodvalue,year
1,Alabama,16000,71,1136000,15900,0.72,818000,1998
1,Alabama,17000,68,1156000,18500,0.56,647000,1999
1,Alabama,16000,78,1248000,18700,0.59,736000,2000
1,Alabama,14000,73,1022000,23500,0.72,736000,2001
1,Alabama,12000,86,1032000,10300,1.18,1218000,2002
1,Alabama,13000,82,1066000,4300,1.24,1322000,2003
1,Alabama,12000,87,1044000,28200,1.41,1472000,2004
1,Alabama,13000,66,858000,26600,1.02,875000,2005
1,Alabama,11000,72,792000,23000,1.21,958000,2006
1,Alabama,11000,56,616000,20900,1.49,918000,2007
1,Alabama,9000,66,594000,21400,1.9,1129000,2008
1,Alabama,9000,50,450000,6800,1.86,837000,2009
1,Alabama,9000,54,486000,7300,2.4,1166000,2010
1,Alabama,9000,50,450000,6300,2.51,1130000,2011
1,Alabama,8000,54,432000,6500,2.47,1067000,2012
1,Alabama,7000,52,364000,55000,2.8499999046325684,1037000,2013
1,Alabama,7000,53,371000,26000,3.5299999713897705,1310000,2014
1,Alabama,7000,47,329000,13000,3.8299999237060547,1260000,2015
1,Alabama,7000,52,364000,33000,3.450000047683716,1256000,2016
1,Alabama,7000,45,315000,22000,2.7699999809265137,4917000,2017
1,Alabama,6000,45,270000,14000,3.7200000286102295,1004000,2018
1,Alabama,7000,42,294000,44000,3.200000047683716,941000,2019
1,Alabama,7000,39,273000,66000,5.519999980926514,1507000,2020
1,Alabama,8000,40,320000,112000,5.989999771118164,1917000,2021
2,Arizona,55000,60,3300000,148500,0.64,2112000,1998
2,Arizona,52000,62,3224000,154800,0.62,1999000,1999
2,Arizona,40000,59,2360000,132200,0.73,1723000,2000
2,Arizona,43000,59,2537000,114200,0.72,1827000,2001
2,Arizona,38000,63,2394000,119700,1.08,2586000,2002
2,Arizona,35000,72,2520000,98300,1.34,3377000,2003
2,Arizona,32000,55,1760000,77400,1.11,1954000,2004
2,Arizona,36000,50,1800000,72000,1.04,1872000,2005
2,Arizona,30000,65,1950000,83900,0.91,1775000,2006
2,Arizona,30000,64,1920000,90200,1.26,2419000,2007
2,Arizona,25000,64,1600000,33600,1.26,2016000,2008
2,Arizona,20000,52,1040000,56200,1.45,1508000,2009
2,Arizona,24000,77,1848000,66500,1.52,2809000,2010
2,Arizona,23000,53,1219000,42700,1.55,1889000,2011
2,Arizona,22000,46,1012000,25300,1.79,1811000,2012
2,Arizona,29000,36,1044000,251000,1.9600000381469727,2046000,2013
2,Arizona,26000,39,1014000,193000,1.9199999570846558,3362000,2014
2,Arizona,26000,49,1274000,306000,2.1700000762939453,2765000,2015
2,Arizona,27000,46,1242000,261000,1.9700000286102295,2447000,2016
2,Arizona,22000,40,880000,97000,1.9600000381469727,1725000,2017
2,Arizona,24000,38,912000,109000,3.009999990463257,2745000,2018
2,Arizona,23000,46,1058000,201000,1.9700000286102295,2126000,2019
2,Arizona,25000,36,900000,360000,2.380000114440918,2142000,2020
2,Arizona,26000,40,1040000,368000,2.3399999141693115,2434000,2021
3,Arkansas,53000,65,3445000,168800,0.59,2033000,1998
3,Arkansas,52000,89,4628000,259200,0.53,2453000,1999
3,Arkansas,52000,93,4836000,333700,0.57,2757000,2000
3,Arkansas,50000,98,4900000,161700,0.65,3185000,2001
3,Arkansas,45000,88,3960000,87100,1.26,4990000,2002
3,Arkansas,40000,75,3000000,81000,1.26,3780000,2003
3,Arkansas,40000,57,2280000,38800,0.87,1984000,2004
3,Arkansas,36000,69,2484000,57100,0.97,2409000,2005
3,Arkansas,32000,76,2432000,73000,0.89,2164000,2006
3,Arkansas,28000,80,2240000,67200,0.95,2128000,2007
3,Arkansas,28000,75,2100000,52500,1.35,2835000,2008
3,Arkansas,24000,57,1368000,30100,1.42,1943000,2009
3,Arkansas,25000,60,1500000,36000,1.47,2205000,2010
3,Arkansas,22000,64,1408000,23900,1.62,2281000,2011
3,Arkansas,25000,63,1575000,18900,1.98,3119000,2012
3,Arkansas,22000,60,1320000,66000,2.0199999809265137,3491000,2013
3,Arkansas,21000,65,1365000,137000,2.0399999618530273,2785000,2014
3,Arkansas,24000,72,1728000,121000,2.0199999809265137,1923000,2015
3,Arkansas,24000,69,1656000,99000,1.850000023841858,3256000,2016
3,Arkansas,29000,77,2233000,223000,1.909999966621399,7134000,2017
3,Arkansas,28000,50,1400000,84000,1.8799999952316284,2632000,2018
3,Arkansas,20000,55,1100000,176000,1.5299999713897705,1683000,2019
3,Arkansas,20000,49,980000,176000,1.850000023841858,3064000,2020
3,Arkansas,17000,50,850000,255000,2.069999933242798,3602000,2021
4,California,450000,83,37350000,1232600,0.62,23157000,1998
4,California,465000,60,27900000,948600,0.55,15345000,1999
4,California,440000,70,30800000,1139600,0.59,18172000,2000
4,California,460000,61,28060000,785700,0.69,19361000,2001
4,California,470000,50,23500000,352500,1.32,31020000,2002
4,California,480000,67,32160000,643200,1.39,44702000,2003
4,California,390000,45,17550000,579200,1.05,18428000,2004
4,California,400000,75,30000000,930000,0.86,25800000,2005
4,California,380000,52,19760000,770600,0.97,19167000,2006
4,California,340000,40,13600000,367200,1.04,14144000,2007
4,California,360000,51,18360000,403900,1.39,25520000,2008
4,California,355000,33,11715000,210900,1.39,16284000,2009
4,California,410000,67,27470000,631800,1.55,42579000,2010
4,California,370000,48,17760000,373000,1.65,29304000,2011
4,California,330000,35,11550000,311900,1.94,22407000,2012
4,California,330000,33,10890000,2505000,2.109999895095825,22978000,2013
4,California,320000,39,12480000,2995000,2.059999942779541,25709000,2014
4,California,275000,30,8250000,1485000,2.0399999618530273,7650000,2015
4,California,310000,36,11160000,2009000,2.0399999618530273,22766000,2016
4,California,335000,41,13735000,2198000,2.0899999141693115,28706000,2017
4,California,335000,41,13735000,3022000,2.109999895095825,28981000,2018
4,California,335000,48,16080000,3216000,1.559999942779541,25085000,2019
4,California,320000,43,13760000,2752000,1.9500000476837158,26832000,2020
4,California,290000,33,9570000,1627000,2.4000000953674316,6612000,2021
5,Colorado,27000,72,1944000,159400,0.7,1361000,1998
5,Colorado,27000,76,2052000,143600,0.68,1395000,1999
5,Colorado,29000,60,1740000,95700,0.62,1079000,2000
5,Colorado,26000,55,1430000,52900,0.71,1015000,2001
5,Colorado,24000,60,1440000,57600,1.29,1858000,2002
5,Colorado,24000,86,2064000,72200,1.4,2890000,2003
5,Colorado,23000,80,1840000,79100,1.35,2484000,2004
5,Colorado,28000,70,1960000,90200,0.97,1901000,2005
5,Colorado,36000,75,2700000,145800,1.04,2808000,2006
5,Colorado,31000,51,1581000,83800,1.15,1818000,2007
5,Colorado,27000,45,1215000,65600,1.51,1835000,2008
5,Colorado,28000,53,1484000,32600,1.43,2122000,2009
5,Colorado,34000,56,1904000,53300,1.52,2894000,2010
5,Colorado,31000,55,1705000,44300,2,3410000,2011
5,Colorado,25000,48,1200000,46800,2.07,2484000,2012
5,Colorado,26000,43,1118000,325000,2.0999999046325684,2348000,2013
5,Colorado,27000,37,999000,200000,2.109999895095825,2108000,2014
5,Colorado,29000,51,1479000,399000,2.180000066757202,3224000,2015
5,Colorado,32000,40,1280000,282000,2.240000009536743,2867000,2016
5,Colorado,33000,43,1419000,284000,2.059999942779541,2923000,2017
5,Colorado,31000,48,1488000,283000,2.049999952316284,3050000,2018
5,Colorado,32000,46,1472000,500000,2.140000104904175,3150000,2019
5,Colorado,30000,41,1230000,455000,2.390000104904175,2940000,2020
5,Colorado,29000,40,1160000,232000,2.7799999713897705,3225000,2021
6,Florida,230000,98,22540000,450800,0.64,14426000,1998
6,Florida,228000,102,23256000,418600,0.53,12326000,1999
6,Florida,232000,105,24360000,292300,0.54,13154000,2000
6,Florida,220000,100,22000000,343200,0.64,14080000,2001
6,Florida,220000,93,20460000,202600,1.14,23324000,2002
6,Florida,210000,71,14910000,149100,1.32,19681000,2003
6,Florida,205000,98,20090000,200900,1.02,20492000,2004
6,Florida,160000,86,13760000,247700,0.87,11971000,2005
6,Florida,170000,81,13770000,179000,1,13770000,2006
6,Florida,160000,71,11360000,136300,0.99,11246000,2007
6,Florida,150000,79,11850000,130400,1.32,15642000,2008
6,Florida,170000,68,11560000,161800,1.42,16415000,2009
6,Florida,200000,69,13800000,179400,1.56,21528000,2010
6,Florida,180000,61,10980000,98800,1.68,18446000,2011
6,Florida,193000,64,12352000,123500,1.84,22728000,2012
6,Florida,220000,61,13420000,1074000,2.0299999713897705,27243000,2013
6,Florida,245000,60,14700000,1029000,2.0799999237060547,19365000,2014
6,Florida,220000,54,11880000,832000,1.9700000286102295,23404000,2015
6,Florida,215000,50,10750000,538000,2.430000066757202,12685000,2016
6,Florida,205000,43,8815000,529000,2.4000000953674316,10627000,2017
6,Florida,215000,49,10535000,737000,2.4000000953674316,22968000,2018
6,Florida,205000,45,9225000,830000,2.4800000190734863,22878000,2019
6,Florida,192000,46,8832000,883000,2.240000009536743,4682000,2020
6,Florida,193000,44,8492000,839000,2.4200000762939453,20551000,2021
7,Georiga,75000,56,4200000,30700,0.69,2898000,1998
7,Georiga,65000,51,3315000,49700,0.64,2122000,1999
7,Georiga,55000,57,3135000,37600,0.63,1975000,2000
7,Georiga,55000,57,3135000,18800,0.7,2195000,2001
7,Georiga,50000,52,2600000,5200,1.13,2938000,2002
7,Georiga,52000,65,3380000,27000,1.28,4326000,2003
7,Georiga,63000,49,3087000,64800,1.2,3704000,2004
7,Georiga,59000,49,2891000,43400,0.89,2573000,2005
7,Georiga,63000,74,4662000,74600,1.2,5594000,2006
7,Georiga,60000,58,3480000,52200,1.19,4141000,2007
7,Georiga,65000,71,4615000,36900,1.52,7015000,2008
7,Georiga,65000,41,2665000,34600,1.47,3918000,2009
7,Georiga,55000,46,2530000,15200,1.67,4225000,2010
7,Georiga,65000,43,2795000,19600,1.65,4612000,2011
7,Georiga,59000,51,3009000,18100,1.92,5777000,2012
7,Georgia,67000,50,3350000,637000,2.259999990463257,7571000,2013
7,Georgia,73000,62,4526000,362000,2.190000057220459,9912000,2014
7,Georgia,69000,40,2760000,221000,2.4200000762939453,6679000,2015
7,Georgia,96000,39,3744000,899000,2.690000057220459,10071000,2016
7,Georgia,99000,32,3168000,190000,2.9600000381469727,9377000,2017
7,Georgia,98000,34,3332000,200000,2.759999990463257,9196000,2018
7,Georgia,102000,33,3366000,370000,2.609999895095825,7809000,2019
7,Georgia,101000,34,3434000,412000,2.5199999809265137,7741000,2020
7,Georgia,96000,34,3264000,261000,2.7300000190734863,8911000,2021
8,Hawaii,8000,118,944000,6600,0.77,727000,1998
8,Hawaii,8000,80,640000,3200,0.8,512000,1999
8,Hawaii,7000,112,784000,12500,0.82,643000,2000
8,Hawaii,8000,87,696000,8400,0.87,606000,2001
8,Hawaii,7000,136,952000,2900,1.11,1057000,2002
8,Hawaii,7000,114,798000,4300,1.45,1157000,2003
8,Hawaii,8000,96,768000,7700,1.59,1221000,2004
8,Hawaii,9000,131,1179000,28300,1.43,1686000,2005
8,Hawaii,10000,93,930000,23300,1.21,1125000,2006
8,Hawaii,10000,92,920000,28500,1.7,1564000,2007
8,Hawaii,10000,90,900000,22500,1.59,1431000,2008
8,Hawaii,10000,95,950000,32300,1.76,1672000,2009
8,Hawaii,10000,77,770000,23900,2.75,2118000,2010
8,Hawaii,9000,74,666000,24600,3.65,2431000,2011
8,Hawaii,10000,75,750000,26300,4.15,3113000,2012
8,Hawaii,13000,83,1079000,65000,1.9700000286102295,2084000,2013
8,Hawaii,15000,93,1395000,140000,2.2899999618530273,3195000,2014
8,Hawaii,14000,102,1428000,71000,1.9500000476837158,2785000,2015
8,Hawaii,16000,113,1808000,127000,2.309999942779541,4176000,2016
8,Hawaii,12000,131,1572000,16000,1.5099999904632568,2374000,2017
8,Hawaii,17000,103,1751000,18000,1.9199999570846558,1947000,2018
8,Hawaii,16000,80,1280000,51000,1.2799999713897705,1638000,2019
8,Hawaii,15000,105,1575000,79000,1.7000000476837158,2678000,2020
8,Hawaii,15000,93,1395000,56000,2.2100000381469727,3083000,2021
9,Idaho,120000,50,6000000,222000,0.65,3900000,1998
9,Idaho,120000,48,5760000,311000,0.59,3398000,1999
9,Idaho,100000,47,4700000,267900,0.52,2444000,2000
9,Idaho,100000,46,4600000,161000,0.67,3082000,2001
9,Idaho,100000,57,5700000,165300,1.37,7809000,2002
9,Idaho,100000,46,4600000,138000,1.33,6118000,2003
9,Idaho,100000,63,6300000,252000,1.02,6426000,2004
9,Idaho,95000,37,3515000,179300,0.8,2812000,2005
9,Idaho,95000,44,4180000,259200,0.97,4055000,2006
9,Idaho,92000,41,3772000,184800,1.15,4338000,2007
9,Idaho,90000,40,3600000,144000,1.46,5256000,2008
9,Idaho,103000,46,4738000,170600,1.52,7202000,2009
9,Idaho,97000,27,2619000,117900,1.61,4217000,2010
9,Idaho,87000,36,3132000,187900,1.78,5575000,2011
9,Idaho,92000,32,2944000,53000,1.63,4799000,2012
9,Idaho,83000,32,2656000,1036000,2.0199999809265137,5365000,2013
9,Idaho,100000,34,3400000,850000,2.0299999713897705,6902000,2014
9,Idaho,89000,32,2848000,1082000,1.9199999570846558,5468000,2015
9,Idaho,97000,34,3298000,1253000,1.8200000524520874,6002000,2016
9,Idaho,95000,44,4180000,1045000,1.7899999618530273,7482000,2017
9,Idaho,96000,31,2976000,655000,1.9600000381469727,5833000,2018
9,Idaho,92000,32,2944000,677000,1.6699999570846558,4916000,2019
9,Idaho,107000,35,3745000,637000,1.7599999904632568,6591000,2020
9,Idaho,100000,30,3000000,270000,2.369999885559082,7110000,2021
10,Illinois,9000,71,639000,20400,1.19,760000,1998
10,Illinois,9000,66,594000,32700,1.15,683000,1999
10,Illinois,8000,61,488000,14600,1.17,571000,2000
10,Illinois,6000,76,456000,25100,1.58,720000,2001
10,Illinois,9000,80,720000,13000,1.47,1058000,2002
10,Illinois,7000,60,420000,25200,1.83,769000,2003
10,Illinois,7000,55,385000,19300,1.86,716000,2004
10,Illinois,8000,85,680000,40800,1.84,1251000,2005
10,Illinois,10000,66,660000,35600,2.14,1412000,2006
10,Illinois,9000,63,567000,37400,2.49,1412000,2007
10,Illinois,8000,56,448000,11600,2.59,1160000,2008
10,Illinois,8000,34,272000,5700,2.55,694000,2009
10,Illinois,9000,41,369000,9200,2.78,1026000,2010
10,Illinois,7000,50,350000,9800,3.9,1365000,2011
10,Illinois,7000,61,427000,14500,3.55,1516000,2012
10,Illinois,7000,48,336000,101000,4.190000057220459,2028000,2013
10,Illinois,8000,49,392000,94000,4.110000133514404,1611000,2014
10,Illinois,8000,51,408000,155000,4.320000171661377,1875000,2015
10,Illinois,10000,48,480000,77000,5.420000076293945,2602000,2016
10,Illinois,11000,46,506000,167000,4.760000228881836,2409000,2017
10,Illinois,11000,41,451000,108000,4.829999923706055,2178000,2018
10,Illinois,11000,39,429000,16000,4.309999942779541,1849000,2019
10,Illinois,10000,52,520000,156000,5.650000095367432,2938000,2020
10,Illinois,10000,46,460000,115000,5.829999923706055,2682000,2021
11,Indiana,9000,92,828000,48900,0.85,704000,1998
11,Indiana,10000,81,810000,43700,0.9,729000,1999
11,Indiana,8000,65,520000,28600,1.03,536000,2000
11,Indiana,7000,76,532000,18600,0.92,489000,2001
11,Indiana,8000,62,496000,23300,1.19,590000,2002
11,Indiana,5000,56,280000,7800,1.66,465000,2003
11,Indiana,7000,59,413000,14500,1.47,607000,2004
11,Indiana,8000,64,512000,18900,1.18,604000,2005
11,Indiana,7000,54,378000,12500,1.58,597000,2006
11,Indiana,8000,53,424000,11900,1.5,636000,2007
11,Indiana,7000,67,469000,15000,1.68,788000,2008
11,Indiana,9000,32,288000,10100,2.02,582000,2009
11,Indiana,10000,43,430000,15100,2.23,959000,2010
11,Indiana,8000,51,408000,14700,2.14,873000,2011
11,Indiana,8000,59,472000,20300,2.54,1199000,2012
11,Indiana,6000,47,282000,82000,2.7699999809265137,873000,2013
11,Indiana,5000,62,310000,115000,3.190000057220459,989000,2014
11,Indiana,6000,53,318000,165000,3.380000114440918,1379000,2015
11,Indiana,7000,62,434000,208000,3.4600000381469727,1502000,2016
11,Indiana,7000,48,336000,128000,3.940000057220459,1324000,2017
11,Indiana,7000,46,322000,106000,3.5799999237060547,1153000,2018
11,Indiana,9000,55,495000,198000,3.950000047683716,1955000,2019
11,Indiana,9000,55,495000,149000,3.9100000858306885,1935000,2020
11,Indiana,10000,52,520000,177000,3.890000104904175,2023000,2021
12,Iowa,50000,78,3900000,230100,0.7,2730000,1998
12,Iowa,40000,65,2600000,202800,0.65,1690000,1999
12,Iowa,30000,67,2010000,120600,0.68,1367000,2000
12,Iowa,33000,51,1683000,87500,0.75,1262000,2001
12,Iowa,33000,70,2310000,90100,1.43,3303000,2002
12,Iowa,32000,59,1888000,86800,1.42,2681000,2003
12,Iowa,35000,67,2345000,133700,1.06,2486000,2004
12,Iowa,28000,88,2464000,123200,1.21,2981000,2005
12,Iowa,26000,84,2184000,144100,1.37,2992000,2006
12,Iowa,26000,81,2106000,122100,1.31,2759000,2007
12,Iowa,24000,62,1488000,58000,1.58,2351000,2008
12,Iowa,26000,42,1092000,33900,1.6,1747000,2009
12,Iowa,27000,49,1323000,46300,1.92,2540000,2010
12,Iowa,25000,62,1550000,96100,1.96,3038000,2011
12,Iowa,37000,61,2257000,119600,2.17,4898000,2012
12,Iowa,39000,48,1872000,1217000,2.450000047683716,4586000,2013
12,Iowa,35000,43,1505000,933000,2.4100000858306885,9435000,2014
12,Iowa,36000,50,1800000,990000,2.3299999237060547,4194000,2015
12,Iowa,37000,48,1776000,746000,2.0799999237060547,4821000,2016
12,Iowa,35000,58,2030000,1035000,2.2200000286102295,4507000,2017
12,Iowa,38000,49,1862000,1005000,1.399999976158142,4469000,2018
12,Iowa,38000,55,2090000,1170000,2.240000009536743,19784000,2019
12,Iowa,35000,58,2030000,1259000,2.5399999618530273,5156000,2020
12,Iowa,38000,55,2090000,502000,2.4600000381469727,5601000,2021
13,Kansas,16000,46,736000,39000,0.87,640000,1998
13,Kansas,13000,67,871000,85400,1.11,967000,1999
13,Kansas,15000,68,1020000,52000,0.91,928000,2000
13,Kansas,13000,51,663000,53000,0.96,636000,2001
13,Kansas,17000,52,884000,40700,1.5,1326000,2002
13,Kansas,16000,57,912000,44700,1.41,1286000,2003
13,Kansas,14000,80,1120000,68300,1.18,1322000,2004
13,Kansas,16000,50,800000,32800,1.05,840000,2005
13,Kansas,14000,55,770000,24600,1.17,901000,2006
13,Kansas,14000,40,560000,19600,1.18,661000,2007
13,Kansas,10000,61,610000,12800,1.55,946000,2008
13,Kansas,9000,63,567000,16400,1.85,1049000,2009
13,Kansas,9000,52,468000,10300,2.02,945000,2010
13,Kansas,7000,44,308000,11700,2.15,662000,2011
13,Kansas,6000,55,330000,12500,2.28,752000,2012
13,Kansas,6000,46,276000,39000,2.5,690000,2013
13,Kansas,7000,75,525000,84000,2.380000114440918,1250000,2014
13,Kansas,8000,36,288000,107000,3.5199999809265137,1014000,2015
13,Kansas,7000,48,336000,54000,3.0399999618530273,1021000,2016
13,Kansas,7000,79,553000,260000,4.179999828338623,2312000,2017
13,Kansas,5000,73,365000,95000,3.0999999046325684,1132000,2018
13,Kansas,7000,79,553000,171000,2.950000047683716,1631000,2019
13,Kansas,8000,62,496000,164000,3.25,1612000,2020
13,Kansas,7000,42,294000,144000,1.7400000095367432,806000,2021
14,Kentucky,3000,50,150000,5100,1.4,210000,1998
14,Kentucky,3000,50,150000,1200,1.24,186000,1999
14,Kentucky,4000,48,192000,5400,1.35,259000,2000
14,Kentucky,4000,78,312000,12500,1.41,440000,2001
14,Kentucky,5000,54,270000,7800,1.63,440000,2002
14,Kentucky,5000,48,240000,1400,1.67,401000,2003
14,Kentucky,5000,56,280000,3400,1.96,549000,2004
14,Kentucky,5000,50,250000,4000,2.08,520000,2005
14,Kentucky,5000,56,280000,7000,2.19,613000,2006
14,Kentucky,4000,61,244000,5400,2.12,517000,2007
14,Kentucky,4000,39,156000,2700,2.44,381000,2008
14,Kentucky,5000,35,175000,2500,2.71,474000,2009
14,Kentucky,5000,67,335000,6700,2.72,911000,2010
14,Kentucky,4000,39,156000,1200,3.17,495000,2011
14,Kentucky,5000,51,255000,4100,3.15,803000,2012
14,Kentucky,3000,41,123000,17000,3.25,400000,2013
14,Kentucky,5000,47,235000,56000,3.9600000381469727,931000,2014
14,Kentucky,5000,46,230000,55000,3.859999895095825,888000,2015
14,Kentucky,5000,46,230000,48000,4.019999980926514,925000,2016
14,Kentucky,5000,38,190000,42000,4.079999923706055,775000,2017
14,Kentucky,4000,41,164000,34000,5.429999828338623,891000,2018
14,Kentucky,6000,41,246000,44000,4.5,999000,2019
14,Kentucky,7000,33,231000,58000,5.760000228881836,1331000,2020
14,Kentucky,7000,37,259000,73000,4.599999904632568,1191000,2021
15,Louisiana,41000,111,4551000,86500,0.59,2685000,1998
15,Louisiana,48000,114,5472000,82100,0.49,2681000,1999
15,Louisiana,43000,94,4042000,133400,0.52,2102000,2000
15,Louisiana,45000,106,4770000,57200,0.6,2862000,2001
15,Louisiana,35000,124,4340000,34700,1.16,5034000,2002
15,Louisiana,34000,90,3060000,27500,1.24,3794000,2003
15,Louisiana,35000,98,3430000,24000,0.79,2710000,2004
15,Louisiana,35000,97,3395000,61100,0.72,2444000,2005
15,Louisiana,30000,90,2700000,67500,0.9,2430000,2006
15,Louisiana,29000,89,2581000,41300,1.08,2787000,2007
15,Louisiana,40000,77,3080000,49300,1.36,4189000,2008
15,Louisiana,37000,103,3811000,61000,1.36,5183000,2009
15,Louisiana,36000,80,2880000,28800,1.5,4320000,2010
15,Louisiana,36000,77,2772000,47100,1.67,4629000,2011
15,Louisiana,41000,86,3526000,14100,1.83,6453000,2012
15,Louisiana,50000,98,4900000,490000,1.8899999856948853,5897000,2013
15,Louisiana,48000,84,4032000,524000,2.180000066757202,8790000,2014
15,Louisiana,44000,99,4356000,348000,1.9299999475479126,8407000,2015
15,Louisiana,50000,86,4300000,301000,1.940000057220459,8342000,2016
15,Louisiana,43000,81,3483000,279000,1.8799999952316284,6548000,2017
15,Louisiana,45000,83,3735000,261000,1.909999966621399,4217000,2018
15,Louisiana,54000,72,3888000,429000,2.0399999618530273,16830000,2019
15,Louisiana,33000,69,2277000,228000,2.4600000381469727,5141000,2020
15,Louisiana,37000,58,2146000,205000,2.5,5365000,2021
16,Maine,10000,26,260000,11700,0.69,179000,1998
16,Maine,14000,22,308000,8900,0.83,256000,1999
16,Maine,11000,21,231000,14300,0.75,173000,2000
16,Maine,11000,20,220000,10600,0.79,174000,2001
16,Maine,11000,41,451000,26600,1.21,546000,2002
16,Maine,8000,33,264000,14500,1.41,372000,2003
16,Maine,7000,31,217000,3700,1.28,278000,2004
16,Maine,8000,26,208000,19300,1.66,345000,2005
16,Maine,11000,23,253000,8600,1.6,405000,2006
16,Maine,9000,26,234000,5900,1.32,309000,2007
16,Maine,7000,42,294000,7900,1.57,462000,2008
16,Maine,6000,50,300000,5100,1.95,585000,2009
16,Maine,5000,41,205000,3300,2.05,420000,2010
16,Maine,4000,30,120000,1700,1.98,238000,2011
16,Maine,4000,34,136000,2400,2.39,325000,2012
16,Maine,7000,43,301000,27000,3.140000104904175,945000,2013
16,Maine,8000,47,376000,41000,4.989999771118164,1876000,2014
16,Maine,10000,47,470000,47000,5.510000228881836,2590000,2015
16,Maine,12000,34,408000,65000,3.380000114440918,1075000,2016
16,Maine,12000,33,396000,51000,5.449999809265137,2158000,2017
16,Maine,12000,32,384000,92000,2.9800000190734863,1144000,2018
16,Maine,15000,35,525000,110000,2.9200000762939453,1533000,2019
16,Maine,10000,30,300000,78000,3.359999895095825,1008000,2020
16,Maine,11000,34,374000,60000,3.180000066757202,1189000,2021
17,Michigan,80000,85,6800000,367200,0.66,4488000,1998
17,Michigan,73000,85,6205000,347500,0.66,4095000,1999
17,Michigan,72000,75,5400000,297000,0.6,3240000,2000
17,Michigan,76000,60,4560000,282700,0.81,3694000,2001
17,Michigan,72000,77,5544000,188500,1.4,7762000,2002
17,Michigan,65000,74,4810000,173200,1.41,6782000,2003
17,Michigan,65000,67,4355000,243900,1.16,5052000,2004
17,Michigan,65000,68,4420000,251900,0.94,4155000,2005
17,Michigan,72000,55,3960000,209900,1.15,4554000,2006
17,Michigan,72000,64,4608000,235000,1.19,5484000,2007
17,Michigan,71000,73,5183000,202100,1.44,7464000,2008
17,Michigan,66000,60,3960000,150500,1.55,6138000,2009
17,Michigan,71000,58,4118000,152400,1.67,6877000,2010
17,Michigan,74000,64,4736000,208400,1.81,8572000,2011
17,Michigan,73000,57,4161000,133200,2.03,8447000,2012
17,Michigan,85000,55,4675000,982000,2.1600000858306885,10098000,2013
17,Michigan,91000,63,5733000,1835000,2.490000009536743,14275000,2014
17,Michigan,90000,58,5220000,1984000,2.430000066757202,26123000,2015
17,Michigan,89000,60,5340000,1709000,2.369999885559082,12656000,2016
17,Michigan,87000,45,3915000,822000,2.4100000858306885,8396000,2017
17,Michigan,97000,44,4268000,768000,2.4000000953674316,25284000,2018
17,Michigan,94000,50,4700000,1363000,2.359999895095825,11092000,2019
17,Michigan,95000,47,4465000,1384000,2.950000047683716,13172000,2020
17,Michigan,101000,51,5151000,1957000,2.9700000286102295,15298000,2021
18,Minnesota,140000,79,11060000,276500,0.65,7189000,1998
18,Minnesota,145000,82,11890000,321000,0.61,7253000,1999
18,Minnesota,150000,90,13500000,310500,0.57,7695000,2000
18,Minnesota,135000,81,10935000,185900,0.65,7108000,2001
18,Minnesota,117000,73,8541000,111000,1.47,12555000,2002
18,Minnesota,120000,83,9960000,189200,1.44,14342000,2003
18,Minnesota,135000,75,10125000,192400,1.08,10935000,2004
18,Minnesota,120000,74,8880000,159800,0.9,7992000,2005
18,Minnesota,125000,80,10000000,330000,0.94,9400000,2006
18,Minnesota,130000,68,8840000,256400,1.04,9194000,2007
18,Minnesota,122000,78,9516000,256900,1.39,13227000,2008
18,Minnesota,122000,65,7930000,142700,1.44,11419000,2009
18,Minnesota,128000,66,8448000,177400,1.55,13094000,2010
18,Minnesota,120000,53,6360000,209900,1.63,10367000,2011
18,Minnesota,125000,67,8375000,159100,1.92,16080000,2012
18,Minnesota,130000,58,7540000,1282000,1.9900000095367432,15005000,2013
18,Minnesota,132000,60,7920000,1426000,2.059999942779541,16315000,2014
18,Minnesota,122000,68,8296000,2157000,1.8300000429153442,15182000,2015
18,Minnesota,124000,59,7316000,1390000,1.690000057220459,12364000,2016
18,Minnesota,126000,62,7812000,1016000,1.8600000143051147,14530000,2017
18,Minnesota,119000,61,7259000,1161000,1.940000057220459,14082000,2018
18,Minnesota,118000,59,6962000,3063000,1.6299999952316284,11348000,2019
18,Minnesota,108000,55,5940000,2495000,1.7999999523162842,10692000,2020
18,Minnesota,125000,57,7125000,285000,2.319999933242798,16530000,2021
19,Mississippi,18000,86,1548000,89800,0.58,898000,1998
19,Mississippi,18000,73,1314000,59100,0.54,710000,1999
19,Mississippi,17000,72,1224000,64900,0.69,845000,2000
19,Mississippi,17000,66,1122000,22400,0.89,999000,2001
19,Mississippi,18000,78,1404000,28100,1.23,1727000,2002
19,Mississippi,21000,69,1449000,24600,1.29,1869000,2003
19,Mississippi,18000,65,1170000,42100,0.79,924000,2004
19,Mississippi,16000,80,1280000,34600,0.67,858000,2005
19,Mississippi,14000,98,1372000,45300,0.93,1276000,2006
19,Mississippi,15000,92,1380000,16600,0.91,1256000,2007
19,Mississippi,14000,98,1372000,11000,1.3,1784000,2008
19,Mississippi,14000,104,1456000,8700,1.32,1922000,2009
19,Mississippi,16000,98,1568000,7800,1.44,2258000,2010
19,Mississippi,18000,115,2070000,10400,1.53,3167000,2011
19,Mississippi,18000,118,2124000,6400,1.77,3759000,2012
19,Mississippi,17000,116,1972000,39000,2.859999895095825,3668000,2013
19,Mississippi,20000,112,2240000,45000,2.009999990463257,4502000,2014
19,Mississippi,15000,83,1245000,87000,2.640000104904175,3287000,2015
19,Mississippi,19000,85,1615000,113000,1.7300000190734863,2794000,2016
19,Mississippi,13000,80,1040000,83000,1.809999942779541,1882000,2017
19,Mississippi,20000,87,1740000,70000,2.069999933242798,4562000,2018
19,Mississippi,22000,80,1760000,141000,1.850000023841858,1813000,2019
19,Mississippi,25000,73,1825000,146000,1.9900000095367432,3632000,2020
19,Mississippi,25000,71,1775000,71000,2.7699999809265137,781000,2021
20,Missouri,23000,66,1518000,45500,0.76,1154000,1998
20,Missouri,24000,65,1560000,43700,0.68,1061000,1999
20,Missouri,23000,75,1725000,36200,0.6,1035000,2000
20,Missouri,22000,61,1342000,33600,0.71,953000,2001
20,Missouri,18000,50,900000,18900,1.42,1278000,2002
20,Missouri,17000,53,901000,18900,1.41,1270000,2003
20,Missouri,16000,41,656000,15100,1.36,892000,2004
20,Missouri,15000,50,750000,18000,1.22,915000,2005
20,Missouri,15000,46,690000,11700,0.98,676000,2006
20,Missouri,14000,46,644000,14800,1.12,721000,2007
20,Missouri,11000,53,583000,15200,1.68,979000,2008
20,Missouri,11000,47,517000,5700,1.99,1029000,2009
20,Missouri,11000,52,572000,9200,1.8,1030000,2010
20,Missouri,8000,43,344000,7600,2.14,736000,2011
20,Missouri,7000,53,371000,10800,2.8,1039000,2012
20,Missouri,10000,47,470000,85000,2.619999885559082,1231000,2013
20,Missouri,12000,47,564000,96000,3.630000114440918,2047000,2014
20,Missouri,10000,52,520000,52000,3.5,1820000,2015
20,Missouri,8000,62,496000,30000,2.309999942779541,1146000,2016
20,Missouri,8000,65,520000,57000,3.5299999713897705,1836000,2017
20,Missouri,9000,45,405000,36000,2.8299999237060547,1156000,2018
20,Missouri,10000,43,430000,73000,3.319999933242798,1428000,2019
20,Missouri,9000,41,369000,100000,3.5899999141693115,1325000,2020
20,Missouri,8000,35,280000,92000,3.990000009536743,1117000,2021
21,Montana,115000,122,14030000,547200,0.64,8979000,1998
21,Montana,122000,70,8540000,213500,0.6,5124000,1999
21,Montana,124000,88,10912000,469200,0.59,6438000,2000
21,Montana,136000,102,13872000,457800,0.67,9294000,2001
21,Montana,134000,63,8442000,109700,1.38,11650000,2002
21,Montana,145000,66,9570000,191400,1.44,13781000,2003
21,Montana,140000,77,10780000,377300,1.08,11642000,2004
21,Montana,130000,67,8710000,313600,0.86,7491000,2005
21,Montana,132000,79,10428000,198100,0.95,9907000,2006
21,Montana,135000,68,9180000,247900,0.99,9088000,2007
21,Montana,134000,70,9380000,459600,1.37,12851000,2008
21,Montana,146000,70,10220000,357700,1.46,14921000,2009
21,Montana,157000,74,11618000,290500,1.58,18356000,2010
21,Montana,145000,92,13340000,320200,1.7,22678000,2011
21,Montana,145000,52,7540000,241300,1.95,14703000,2012
21,Montana,159000,94,14946000,5231000,2.0899999141693115,31237000,2013
21,Montana,162000,88,14256000,5132000,2.0899999141693115,29795000,2014
21,Montana,146000,83,12118000,3757000,1.940000057220459,23509000,2015
21,Montana,159000,77,12243000,3183000,1.7699999809265137,21670000,2016
21,Montana,145000,72,10440000,2506000,2.299999952316284,24012000,2017
21,Montana,160000,92,14720000,3680000,1.899999976158142,27968000,2018
21,Montana,173000,86,14878000,5802000,1.4900000095367432,22019000,2019
21,Montana,110000,81,8910000,3208000,1.6100000143051147,14345000,2020
21,Montana,117000,57,6669000,1934000,2.1700000762939453,14472000,2021
22,Nebraska,64000,70,4480000,224000,0.86,3853000,1998
22,Nebraska,58000,77,4466000,196500,0.61,2724000,1999
22,Nebraska,50000,87,4350000,261000,0.59,2567000,2000
22,Nebraska,43000,48,2064000,111500,0.72,1486000,2001
22,Nebraska,43000,75,3225000,116100,1.49,4805000,2002
22,Nebraska,45000,74,3330000,129900,1.38,4595000,2003
22,Nebraska,51000,89,4539000,204300,1.01,4584000,2004
22,Nebraska,40000,68,2720000,253000,0.87,2366000,2005
22,Nebraska,47000,73,3431000,384300,0.93,3191000,2006
22,Nebraska,45000,49,2205000,147700,1.03,2271000,2007
22,Nebraska,36000,67,2412000,125400,1.45,3497000,2008
22,Nebraska,48000,56,2688000,110200,1.46,3924000,2009
22,Nebraska,41000,55,2255000,90200,1.51,3405000,2010
22,Nebraska,41000,59,2419000,65300,1.75,4233000,2011
22,Nebraska,43000,65,2795000,114600,1.93,5394000,2012
22,Nebraska,46000,60,2760000,1628000,2.069999933242798,5763000,2013
22,Nebraska,50000,75,3750000,1688000,2.0399999618530273,7932000,2014
22,Nebraska,57000,48,2736000,1450000,2.0199999809265137,5527000,2015
22,Nebraska,48000,46,2208000,630000,1.909999966621399,4265000,2016
22,Nebraska,42000,63,2646000,423000,1.9900000095367432,5851000,2017
22,Nebraska,40000,59,2360000,850000,2.009999990463257,4744000,2018
22,Nebraska,39000,52,2028000,223000,1.4600000381469727,2961000,2019
22,Nebraska,37000,52,1924000,250000,1.690000057220459,3252000,2020
22,Nebraska,39000,47,1833000,550000,2.1700000762939453,3978000,2021
23,NewJersey,11000,49,539000,16700,0.76,410000,1998
23,NewJersey,10000,44,440000,15400,0.57,251000,1999
23,NewJersey,11000,35,385000,20000,0.61,235000,2000
23,NewJersey,11000,34,374000,7100,0.85,318000,2001
23,NewJersey,11000,40,440000,9200,1,440000,2002
23,NewJersey,10000,19,190000,10100,1.6,304000,2003
23,NewJersey,12000,27,324000,4500,1.4,454000,2004
23,NewJersey,12000,32,384000,10400,1.2,461000,2005
23,NewJersey,9000,36,324000,15200,1.14,369000,2006
23,NewJersey,9000,57,513000,18500,1.96,1005000,2007
23,NewJersey,9000,40,360000,12200,1.62,583000,2008
23,NewJersey,11000,32,352000,7000,2.36,831000,2009
23,NewJersey,13000,35,455000,7300,1.9,865000,2010
23,NewJersey,11000,41,451000,13500,3.7,1669000,2011
23,NewJersey,14000,33,462000,5100,1.97,910000,2012
23,"New Jersey",11000,44,484000,34000,4.190000057220459,1408000,2013
23,"New Jersey",12000,30,360000,119000,3.130000114440918,1127000,2014
23,"New Jersey",12000,27,324000,207000,4.199999809265137,1361000,2015
23,"New Jersey",12000,27,324000,198000,7.090000152587891,2297000,2016
23,"New Jersey",13000,28,364000,167000,7.860000133514404,2861000,2017
23,"New Jersey",13000,31,403000,165000,7.46999979019165,3010000,2018
23,"New Jersey",15000,28,420000,155000,3.3299999237060547,1399000,2019
23,"New Jersey",14000,31,434000,91000,4.320000171661377,1763000,2020
23,"New Jersey",15000,35,525000,158000,3.2699999809265137,1717000,2021
24,"New York",65000,80,5200000,244400,0.7,3640000,1998
24,"New York",69000,70,4830000,207700,0.66,3188000,1999
24,"New York",58000,80,4640000,227400,0.55,2552000,2000
24,"New York",53000,70,3710000,178100,0.79,2931000,2001
24,"New York",60000,98,5880000,247000,1.25,7350000,2002
24,"New York",67000,72,4824000,164000,1.36,6561000,2003
24,"New York",64000,67,4288000,188700,1.36,5832000,2004
24,"New York",59000,73,4307000,228300,1.34,5771000,2005
24,"New York",58000,64,3712000,237600,1.3,4826000,2006
24,"New York",53000,57,3021000,184300,1.38,4169000,2007
24,"New York",50000,70,3500000,126000,1.65,5775000,2008
24,"New York",45000,65,2925000,93600,1.93,5645000,2009
24,"New York",45000,64,2880000,112300,1.96,5645000,2010
24,"New York",49000,56,2744000,123500,1.96,5378000,2011
24,"New York",51000,51,2601000,98800,2.23,5800000,2012
24,"New York",55000,48,2650000,1030000,2.119999885559082,5597000,2013
24,"New York",60000,55,3300000,1518000,2.8299999237060547,9339000,2014
24,"New York",58000,62,3596000,899000,2.940000057220459,10572000,2015
24,"New York",64000,57,3648000,1167000,3.190000057220459,11637000,2016
24,"New York",57000,56,3192000,766000,3.009999990463257,9608000,2017
24,"New York",56000,48,2688000,833000,3.240000009536743,8709000,2018
24,"New York",59000,58,3422000,1027000,4.489999771118164,15365000,2019
24,"New York",58000,56,3248000,844000,3.130000114440918,10166000,2020
24,"New York",57000,53,3021000,665000,4.150000095367432,12537000,2021
25,"North Carolina",8000,59,472000,15100,1.38,651000,1998
25,"North Carolina",9000,46,414000,10400,1.62,671000,1999
25,"North Carolina",11000,49,539000,24300,1.43,771000,2000
25,"North Carolina",13000,44,572000,17200,1.48,847000,2001
25,"North Carolina",16000,42,672000,7400,1.41,948000,2002
25,"North Carolina",10000,44,440000,7900,1.92,845000,2003
25,"North Carolina",9000,40,360000,7200,1.93,695000,2004
25,"North Carolina",10000,54,540000,14600,1.88,1015000,2005
25,"North Carolina",10000,50,500000,21500,1.57,785000,2006
25,"North Carolina",12000,45,540000,7600,2.49,1345000,2007
25,"North Carolina",12000,52,624000,13700,2.18,1360000,2008
25,"North Carolina",11000,45,495000,8400,2.57,1272000,2009
25,"North Carolina",13000,46,598000,14400,2.66,1591000,2010
25,"North Carolina",14000,62,868000,9500,2.83,2456000,2011
25,"North Carolina",13000,39,507000,10600,3.76,1906000,2012
25,"North Carolina",10000,38,380000,84000,3.6700000762939453,1395000,2013
25,"North Carolina",12000,43,516000,88000,3.490000009536743,1801000,2014
25,"North Carolina",12000,45,540000,103000,4.519999980926514,2441000,2015
25,"North Carolina",12000,37,444000,89000,4.78000020980835,2122000,2016
25,"North Carolina",11000,41,451000,99000,4.340000152587891,1957000,2017
25,"North Carolina",10000,33,330000,63000,5.760000228881836,1901000,2018
25,"North Carolina",14000,42,588000,119000,4.059999942779541,2387000,2019
25,"North Carolina",12000,38,456000,123000,5.5,2508000,2020
25,"North Carolina",13000,38,507000,104000,6.840000152587891,3468000,2021
26,"North Dakota",230000,128,29440000,883200,0.63,18547000,1998
26,"North Dakota",255000,105,26775000,883600,0.59,15797000,1999
26,"North Dakota",300000,115,34500000,1380000,0.57,19665000,2000
26,"North Dakota",280000,96,26880000,940800,0.69,18547000,2001
26,"North Dakota",320000,75,24000000,816000,1.46,35040000,2002
26,"North Dakota",340000,87,29580000,680300,1.36,40229000,2003
26,"North Dakota",390000,78,30420000,912600,1.05,31941000,2004
26,"North Dakota",370000,91,33670000,841800,0.83,27946000,2005
26,"North Dakota",350000,74,25900000,777000,0.91,23569000,2006
26,"North Dakota",420000,74,31080000,901300,0.96,29837000,2007
26,"North Dakota",400000,90,36000000,864000,1.36,48960000,2008
26,"North Dakota",450000,77,34650000,762300,1.38,47817000,2009
26,"North Dakota",510000,91,46410000,1299500,1.5,69615000,2010
26,"North Dakota",460000,71,32660000,751200,1.67,54542000,2011
26,"North Dakota",480000,69,33120000,596200,1.92,63590000,2012
26,"North Dakota",480000,69,33120000,6955000,2.0399999618530273,67565000,2013
26,"North Dakota",490000,86,42140000,9271000,1.9900000095367432,83859000,2014
26,"North Dakota",490000,74,36260000,9428000,1.899999976158142,65268000,2015
26,"North Dakota",485000,78,37830000,6809000,1.850000023841858,69986000,2016
26,"North Dakota",455000,74,33670000,4377000,1.8899999856948853,63636000,2017
26,"North Dakota",550000,72,39600000,4752000,1.8700000047683716,74052000,2018
26,"North Dakota",520000,65,33800000,6422000,1.399999976158142,47320000,2019
26,"North Dakota",495000,78,38610000,8108000,1.590000033378601,61390000,2020
26,"North Dakota",515000,55,28325000,2266000,2.190000057220459,62032000,2021
27,Ohio,18000,78,1404000,70200,0.83,1165000,1998
27,Ohio,20000,74,1480000,78400,0.72,1066000,1999
27,Ohio,18000,65,1170000,58500,0.79,924000,2000
27,Ohio,18000,81,1458000,56900,1.01,1473000,2001
27,Ohio,18000,70,1260000,50400,1.44,1814000,2002
27,Ohio,15000,50,750000,27800,1.4,1050000,2003
27,Ohio,16000,58,928000,35300,1.53,1420000,2004
27,Ohio,15000,69,1035000,58000,1.4,1449000,2005
27,Ohio,14000,56,784000,28200,1.4,1098000,2006
27,Ohio,14000,61,854000,37600,1.77,1512000,2007
27,Ohio,14000,53,742000,37100,1.68,1247000,2008
27,Ohio,11000,50,550000,13200,2.81,1546000,2009
27,Ohio,18000,62,1116000,34600,2.28,2544000,2010
27,Ohio,15000,66,990000,22800,2.34,2317000,2011
27,Ohio,18000,60,1080000,41000,2.46,2657000,2012
27,Ohio,17000,45,765000,390000,3.2899999618530273,2517000,2013
27,Ohio,15000,61,915000,256000,3.5799999237060547,3276000,2014
27,Ohio,17000,50,850000,357000,4.079999923706055,3468000,2015
27,Ohio,15000,79,1185000,663000,3.930000066757202,4657000,2016
27,Ohio,15000,73,1095000,657000,3.119999885559082,3416000,2017
27,Ohio,14000,73,1022000,491000,3.7200000286102295,3802000,2018
27,Ohio,15000,67,1005000,442000,3.4200000762939453,3437000,2019
27,Ohio,16000,75,1200000,576000,3.5,4200000,2020
27,Ohio,16000,64,1024000,389000,3.700000047683716,3789000,2021
28,Oregon,50000,45,2250000,162000,0.9,2025000,1998
28,Oregon,45000,57,2565000,202600,0.8,2052000,1999
28,Oregon,48000,51,2448000,166500,0.66,1616000,2000
28,Oregon,44000,44,1936000,120000,0.74,1433000,2001
28,Oregon,43000,49,2107000,88500,1.35,2844000,2002
28,Oregon,42000,51,2142000,96400,1.27,2720000,2003
28,Oregon,42000,54,2268000,111100,1.21,2744000,2004
28,Oregon,39000,42,1638000,55700,1.08,1769000,2005
28,Oregon,46000,48,2208000,72900,1.05,2318000,2006
28,Oregon,46000,43,1978000,108800,1.31,2591000,2007
28,Oregon,50000,43,2150000,109700,1.41,3032000,2008
28,Oregon,55000,34,1870000,76700,1.54,2880000,2009
28,Oregon,59000,39,2301000,87400,1.63,3751000,2010
28,Oregon,60000,34,2040000,75500,1.68,3427000,2011
28,Oregon,60000,32,1920000,84500,2.16,4147000,2012
28,Oregon,62000,35,2170000,456000,2.390000104904175,5186000,2013
28,Oregon,71000,40,2840000,767000,2.200000047683716,6248000,2014
28,Oregon,71000,38,2698000,809000,2.5199999809265137,8654000,2015
28,Oregon,74000,35,2590000,622000,1.909999966621399,4947000,2016
28,Oregon,78000,40,3120000,990000,1.8899999856948853,9261000,2017
28,Oregon,93000,35,3255000,1009000,2.359999895095825,7682000,2018
28,Oregon,87000,32,2784000,1151000,2.069999933242798,5713000,2019
28,Oregon,95000,29,2755000,1102000,2.4000000953674316,21156000,2020
28,Oregon,86000,31,2666000,693000,2.140000104904175,5705000,2021
29,Pennsylvania,26000,66,1716000,78900,0.8,1373000,1998
29,Pennsylvania,28000,60,1680000,79000,0.76,1277000,1999
29,Pennsylvania,25000,45,1125000,63000,0.76,855000,2000
29,Pennsylvania,26000,57,1482000,78500,0.92,1363000,2001
29,Pennsylvania,29000,57,1653000,82700,1.34,2215000,2002
29,Pennsylvania,27000,50,1350000,41900,1.44,1944000,2003
29,Pennsylvania,30000,54,1620000,81000,1.42,2300000,2004
29,Pennsylvania,28000,56,1568000,80000,1.12,1756000,2005
29,Pennsylvania,28000,40,1120000,60500,1.63,1826000,2006
29,Pennsylvania,25000,42,1050000,32600,1.7,1785000,2007
29,Pennsylvania,23000,48,1104000,27600,1.65,1822000,2008
29,Pennsylvania,21000,40,840000,31900,2.03,1705000,2009
29,Pennsylvania,30000,37,1110000,37700,2.13,2364000,2010
29,Pennsylvania,24000,44,1056000,30600,2.55,2693000,2011
29,Pennsylvania,16000,60,960000,26900,2.57,2467000,2012
29,Pennsylvania,13000,45,585000,257000,3.0299999713897705,1773000,2013
29,Pennsylvania,17000,46,782000,203000,2.9100000858306885,2276000,2014
29,Pennsylvania,17000,53,901000,225000,3.630000114440918,3271000,2015
29,Pennsylvania,19000,50,950000,266000,3.0299999713897705,2879000,2016
29,Pennsylvania,16000,46,736000,177000,3.4000000953674316,2502000,2017
29,Pennsylvania,19000,44,836000,309000,3.890000104904175,3252000,2018
29,Pennsylvania,19000,50,950000,409000,4.239999771118164,4028000,2019
29,Pennsylvania,19000,48,912000,392000,4.119999885559082,3757000,2020
29,Pennsylvania,20000,42,840000,336000,3.4000000953674316,2856000,2021
30,"South Carolina",7000,40,280000,6700,0.79,221000,2001
30,"South Carolina",5000,94,470000,1400,1.25,588000,2002
30,"South Carolina",4000,70,280000,800,1.89,529000,2003
30,"South Carolina",9000,54,486000,19000,3.9700000286102295,1929000,2014
30,"South Carolina",14000,67,938000,38000,4.090000152587891,3836000,2015
30,"South Carolina",16000,45,720000,36000,4.570000171661377,3290000,2016
30,"South Carolina",16000,34,544000,27000,3.059999942779541,1665000,2017
30,"South Carolina",16000,48,768000,15000,3.1700000762939453,2435000,2018
30,"South Carolina",16000,47,752000,45000,5.010000228881836,3768000,2019
30,"South Carolina",16000,46,736000,66000,3.440000057220459,2532000,2020
30,"South Carolina",16000,42,672000,67000,5.320000171661377,3575000,2021
31,"South Dakota",225000,95,21375000,1090100,0.64,13680000,1998
31,"South Dakota",224000,104,23296000,1304600,0.6,13978000,1999
31,"South Dakota",235000,121,28435000,1279600,0.58,16492000,2000
31,"South Dakota",235000,65,15275000,1222000,0.71,10845000,2001
31,"South Dakota",225000,51,11475000,241000,1.42,16295000,2002
31,"South Dakota",215000,70,15050000,270900,1.43,21522000,2003
31,"South Dakota",215000,105,22575000,1354500,1.01,22801000,2004
31,"South Dakota",220000,79,17380000,1181800,0.83,14425000,2005
31,"South Dakota",225000,47,10575000,1057500,0.94,9941000,2006
31,"South Dakota",255000,52,13260000,1060800,1.02,13525000,2007
31,"South Dakota",225000,95,21375000,1197000,1.34,28643000,2008
31,"South Dakota",270000,66,17820000,623700,1.42,25304000,2009
31,"South Dakota",265000,58,15370000,476500,1.51,23209000,2010
31,"South Dakota",250000,66,16500000,429000,1.7,28050000,2011
31,"South Dakota",260000,63,16380000,360400,1.95,31941000,2012
31,"South Dakota",265000,56,14840000,6381000,2.069999933242798,30719000,2013
31,"South Dakota",280000,87,24360000,5846000,2.0799999237060547,50669000,2014
31,"South Dakota",290000,66,19149000,9379000,1.7899999618530273,34261000,2015
31,"South Dakota",280000,71,19880000,12127000,1.7599999904632568,34989000,2016
31,"South Dakota",255000,57,14535000,6541000,1.909999966621399,27762000,2017
31,"South Dakota",255000,47,11985000,5154000,1.909999966621399,22891000,2018
31,"South Dakota",270000,72,19440000,7582000,1.5299999713897705,29743000,2019
31,"South Dakota",245000,61,14945000,8668000,1.7699999809265137,26453000,2020
31,"South Dakota",250000,49,12250000,5268000,2.2699999809265137,27808000,2021
32,Tennessee,7000,64,448000,12100,1.32,591000,1998
32,Tennessee,8000,51,408000,10600,1.3,530000,1999
32,Tennessee,9000,61,549000,10400,1.43,785000,2000
32,Tennessee,8000,59,472000,13100,1.39,656000,2001
32,Tennessee,8000,61,488000,13700,1.4,683000,2002
32,Tennessee,6000,40,240000,4600,1.52,365000,2003
32,Tennessee,6000,54,324000,9100,1.73,561000,2004
32,Tennessee,7000,55,385000,9200,1.67,643000,2005
32,Tennessee,7000,55,385000,5800,1.84,708000,2006
32,Tennessee,7000,65,455000,11400,1.99,905000,2007
32,Tennessee,7000,61,427000,14900,2.09,892000,2008
32,Tennessee,7000,51,357000,8600,2.37,846000,2009
32,Tennessee,8000,63,504000,10600,2.5,1260000,2010
32,Tennessee,7000,44,308000,6800,2.93,902000,2011
32,Tennessee,6000,61,366000,5900,2.93,1072000,2012
32,Tennessee,7000,45,315000,63000,3.549999952316284,1118000,2013
32,Tennessee,7000,63,441000,88000,3.759999990463257,1263000,2014
32,Tennessee,7000,59,413000,78000,4.070000171661377,1681000,2015
32,Tennessee,6000,55,330000,69000,4.880000114440918,1610000,2016
32,Tennessee,7000,41,287000,75000,4.679999828338623,1343000,2017
32,Tennessee,7000,46,322000,84000,4.110000133514404,1323000,2018
32,Tennessee,8000,57,456000,91000,4.650000095367432,2120000,2019
32,Tennessee,7000,51,357000,54000,4.230000019073486,1100000,2020
32,Tennessee,8000,56,448000,81000,5,2240000,2021
33,Texas,91000,77,7007000,161200,0.62,4344000,1998
33,Texas,108000,81,8748000,279900,0.64,5599000,1999
33,Texas,105000,79,8295000,298600,0.57,4728000,2000
33,Texas,97000,79,7663000,153300,0.65,4981000,2001
33,Texas,114000,67,7638000,98500,1.14,8707000,2002
33,Texas,140000,67,9380000,112600,1.4,13132000,2003
33,Texas,116000,76,8816000,141100,0.97,8552000,2004
33,Texas,84000,71,5964000,95400,0.86,5129000,2005
33,Texas,82000,70,5740000,97600,0.89,5109000,2006
33,Texas,105000,82,8610000,155000,0.96,8266000,2007
33,Texas,77000,64,4928000,138000,1.34,6604000,2008
33,Texas,89000,63,5607000,106500,1.39,7794000,2009
33,Texas,100000,72,7200000,79200,1.51,10872000,2010
33,Texas,78000,58,4524000,63300,1.78,8053000,2011
33,Texas,92000,52,4784000,71800,2,9568000,2012
33,Texas,106000,59,6254000,1689000,2.0999999046325684,13133000,2013
33,Texas,116000,78,9048000,2081000,2.240000009536743,20268000,2014
33,Texas,126000,66,8316000,1163000,2.0899999141693115,17380000,2015
33,Texas,133000,70,9310000,2607000,2.0799999237060547,30576000,2016
33,Texas,120000,66,7920000,2297000,2.109999895095825,16711000,2017
33,Texas,132000,56,7392000,1035000,2.119999885559082,6010000,2018
33,Texas,126000,60,7560000,1814000,2.299999952316284,6189000,2019
33,Texas,157000,57,8949000,1253000,2,17898000,2020
33,Texas,137000,56,7672000,384000,2.299999952316284,17388000,2021
34,Utah,30000,58,1740000,55700,0.65,1131000,1998
34,Utah,26000,45,1170000,43300,0.68,796000,1999
34,Utah,24000,41,984000,46200,0.6,590000,2000
34,Utah,23000,38,874000,31500,0.65,568000,2001
34,Utah,22000,59,1298000,20800,1.3,1687000,2002
34,Utah,25000,57,1425000,15700,1.28,1824000,2003
34,Utah,24000,70,1680000,55400,1.1,1848000,2004
34,Utah,24000,45,1080000,34600,0.95,1026000,2005
34,Utah,26000,50,1300000,29900,0.98,1274000,2006
34,Utah,28000,42,1176000,27000,1.13,1329000,2007
34,Utah,28000,48,1344000,24200,1.57,2110000,2008
34,Utah,26000,38,988000,19800,1.46,1442000,2009
34,Utah,26000,30,780000,19500,1.53,1193000,2010
34,Utah,23000,39,897000,17000,1.75,1570000,2011
34,Utah,25000,38,950000,20900,1.87,1777000,2012
34,Utah,30000,34,1020000,92000,2.0899999141693115,2132000,2013
34,Utah,29000,28,812000,130000,2.130000114440918,1730000,2014
34,Utah,27000,42,1134000,147000,1.9299999475479126,1915000,2015
34,Utah,31000,32,992000,169000,1.9299999475479126,2189000,2016
34,Utah,27000,31,837000,67000,2.059999942779541,1314000,2017
34,Utah,26000,41,1066000,75000,2.0999999046325684,2239000,2018
34,Utah,22000,29,638000,89000,2.059999942779541,1724000,2019
34,Utah,28000,34,952000,171000,2.0199999809265137,2666000,2020
34,Utah,31000,33,1023000,92000,2.180000066757202,2230000,2021
35,Vermont,6000,64,384000,20700,0.85,326000,1998
35,Vermont,6000,66,396000,22200,0.63,249000,1999
35,Vermont,7000,59,413000,21100,0.68,281000,2000
35,Vermont,7000,81,567000,24900,0.92,522000,2001
35,Vermont,7000,89,623000,27400,1.2,748000,2002
35,Vermont,7000,83,581000,16300,1.96,1139000,2003
35,Vermont,6000,68,408000,19200,1.51,616000,2004
35,Vermont,6000,91,546000,16900,1.12,612000,2005
35,Vermont,6000,56,336000,14400,1.2,403000,2006
35,Vermont,5000,64,320000,9600,1.7,544000,2007
35,Vermont,5000,66,330000,11900,2.2,726000,2008
35,Vermont,5000,49,245000,6900,2.01,492000,2009
35,Vermont,4000,65,260000,7300,3.1,806000,2010
35,Vermont,4000,43,172000,4300,2.31,397000,2011
35,Vermont,4000,60,240000,5300,2.39,574000,2012
35,Vermont,3000,51,153000,46000,3.890000104904175,595000,2013
35,Vermont,3000,58,174000,61000,4.889999866485596,851000,2014
35,Vermont,5000,52,260000,62000,4.230000019073486,1510000,2015
35,Vermont,6000,52,312000,69000,3.640000104904175,1136000,2016
35,Vermont,7000,45,315000,120000,4.170000076293945,1314000,2017
35,Vermont,7000,48,336000,94000,3.759999990463257,1658000,2018
35,Vermont,6000,48,288000,84000,4.340000152587891,1250000,2019
35,Vermont,6000,47,282000,96000,3.940000057220459,1111000,2020
35,Vermont,7000,47,329000,76000,3.2799999713897705,1079000,2021
36,Virgina,8000,37,296000,8600,1.33,394000,1998
36,Virgina,7000,35,245000,8600,1.17,287000,1999
36,Virgina,7000,42,294000,10300,1.5,441000,2000
36,Virgina,9000,52,468000,9400,1.26,590000,2001
36,Virgina,8000,38,304000,7900,1.9,578000,2002
36,Virgina,6000,37,222000,6900,1.68,373000,2003
36,Virgina,7000,38,266000,6900,2.1,559000,2004
36,Virgina,8000,37,296000,5900,2.2,651000,2005
36,Virgina,8000,42,336000,11400,2.2,739000,2006
36,Virgina,6000,46,276000,6300,2.43,671000,2007
36,Virgina,6000,42,252000,4500,2.42,610000,2008
36,Virgina,6000,39,234000,5600,3.45,807000,2009
36,Virgina,5000,37,185000,3700,3.32,614000,2010
36,Virgina,4000,40,160000,2100,4.07,651000,2011
36,Virgina,4000,41,164000,2300,3.77,618000,2012
36,Virginia,5000,35,175000,42000,4.5,788000,2013
36,Virginia,6000,41,246000,57000,4.679999828338623,1151000,2014
36,Virginia,6000,38,228000,50000,5.670000076293945,1293000,2015
36,Virginia,5000,38,190000,30000,5.849999904632568,1112000,2016
36,Virginia,5000,35,175000,39000,5.730000019073486,1003000,2017
36,Virginia,4000,40,160000,35000,7.239999771118164,1158000,2018
36,Virginia,5000,39,195000,49000,7.510000228881836,1464000,2019
36,Virginia,5000,40,200000,54000,6.03000020980835,1206000,2020
36,Virginia,6000,40,240000,79000,8.229999542236328,1975000,2021
37,Washington,58000,51,2958000,136100,0.64,1893000,1998
37,Washington,52000,50,2600000,117000,0.6,1560000,1999
37,Washington,52000,54,2808000,115100,0.58,1629000,2000
37,Washington,48000,52,2496000,104800,0.72,1797000,2001
37,Washington,50000,51,2550000,56100,1.27,3239000,2002
37,Washington,58000,56,3248000,94200,1.46,4742000,2003
37,Washington,56000,63,3528000,137600,0.98,3457000,2004
37,Washington,51000,55,2805000,193500,1.01,2833000,2005
37,Washington,49000,52,2548000,160500,1.24,3160000,2006
37,Washington,46000,44,2024000,64800,1.25,2530000,2007
37,Washington,49000,44,2156000,86200,1.51,3256000,2008
37,Washington,62000,44,2728000,106400,1.58,4310000,2009
37,Washington,71000,37,2627000,107700,1.57,4124000,2010
37,Washington,71000,38,2698000,83600,1.93,5207000,2011
37,Washington,62000,41,2542000,101700,2.38,6050000,2012
37,Washington,69000,39,2691000,1023000,2.299999952316284,17646000,2013
37,Washington,68000,44,2992000,1167000,2.609999895095825,8785000,2014
37,Washington,73000,44,3212000,1221000,1.6399999856948853,5268000,2015
37,Washington,84000,35,2940000,412000,1.9900000095367432,5266000,2016
37,Washington,77000,45,3465000,1594000,2.25,7796000,2017
37,Washington,77000,43,3311000,563000,2.1500000953674316,7119000,2018
37,Washington,81000,35,2835000,1191000,2.119999885559082,15671000,2019
37,Washington,98000,37,3626000,798000,2.5,9101000,2020
37,Washington,96000,32,3072000,1206000,2.5199999809265137,6799000,2021
38,"West Virginia",6000,55,330000,15500,1.14,376000,1998
38,"West Virginia",6000,39,234000,15200,1.09,255000,1999
38,"West Virginia",7000,54,378000,23400,1.22,461000,2000
38,"West Virginia",7000,65,455000,41000,1.42,646000,2001
38,"West Virginia",9000,51,459000,15100,1.32,606000,2002
38,"West Virginia",8000,47,376000,19400,1.89,711000,2003
38,"West Virginia",9000,55,495000,18300,1.41,698000,2004
38,"West Virginia",8000,51,408000,10200,1.29,526000,2005
38,"West Virginia",6000,42,252000,6800,2.02,509000,2006
38,"West Virginia",6000,48,288000,9500,2.09,602000,2007
38,"West Virginia",6000,43,258000,4900,2.16,557000,2008
38,"West Virginia",5000,37,185000,3300,2.6,481000,2009
38,"West Virginia",5000,40,200000,4000,2.39,478000,2010
38,"West Virginia",4000,53,212000,4500,2.57,545000,2011
38,"West Virginia",6000,48,288000,9500,2.91,838000,2012
38,"West Virginia",6000,46,276000,83000,3.6600000858306885,1010000,2013
38,"West Virginia",6000,31,186000,33000,4.070000171661377,757000,2014
38,"West Virginia",5000,35,175000,32000,4.440000057220459,777000,2015
38,"West Virginia",5000,32,160000,43000,3.9200000762939453,628000,2016
38,"West Virginia",6000,40,240000,50000,3.8499999046325684,924000,2017
38,"West Virginia",6000,37,222000,38000,4.329999923706055,961000,2018
38,"West Virginia",6000,37,222000,47000,4.5,1107000,2019
38,"West Virginia",6000,46,276000,58000,3.809999942779541,1052000,2020
38,"West Virginia",6000,43,258000,136000,4.800000190734863,1238000,2021
39,Wisconsin,89000,91,8099000,526400,0.72,5831000,1998
39,Wisconsin,80000,75,6000000,456000,0.68,4080000,1999
39,Wisconsin,84000,90,7560000,438500,0.68,5141000,2000
39,Wisconsin,67000,81,5427000,341900,0.82,4450000,2001
39,Wisconsin,70000,95,6650000,246100,1.34,8911000,2002
39,Wisconsin,74000,77,5698000,267800,1.47,8376000,2003
39,Wisconsin,68000,86,5848000,263200,1.19,6959000,2004
39,Wisconsin,64000,83,5312000,292200,1.14,6056000,2005
39,Wisconsin,64000,93,5952000,250000,1.12,6666000,2006
39,Wisconsin,60000,84,5040000,302400,1.22,6149000,2007
39,Wisconsin,58000,80,4640000,236600,1.5,6960000,2008
39,Wisconsin,63000,60,3780000,158800,1.58,5972000,2009
39,Wisconsin,64000,64,4096000,155600,1.68,6881000,2010
39,Wisconsin,57000,63,3591000,150800,1.89,6787000,2011
39,Wisconsin,60000,69,4140000,186300,2.05,8487000,2012
39,Wisconsin,59000,60,3540000,1558000,2.380000114440918,8425000,2013
39,Wisconsin,53000,54,2862000,1030000,2.380000114440918,6812000,2014
39,Wisconsin,52000,67,3484000,1603000,2.4100000858306885,3627000,2015
39,Wisconsin,54000,62,3348000,1205000,2.6700000762939453,8939000,2016
39,Wisconsin,53000,56,2968000,683000,2.7699999809265137,8221000,2017
39,Wisconsin,51000,45,2295000,711000,2.950000047683716,6770000,2018
39,Wisconsin,46000,47,2162000,692000,2.990000009536743,6464000,2019
39,Wisconsin,45000,50,2250000,855000,3.109999895095825,6998000,2020
39,Wisconsin,42000,47,1974000,750000,2.809999942779541,5547000,2021
40,Wyoming,46000,60,2760000,52400,0.68,1877000,1998
40,Wyoming,37000,72,2664000,74600,0.61,1625000,1999
40,Wyoming,39000,93,3627000,79800,0.59,2140000,2000
40,Wyoming,38000,77,2926000,46800,0.65,1902000,2001
40,Wyoming,38000,63,2394000,38300,1.33,3184000,2002
40,Wyoming,39000,81,3159000,47400,1.41,4454000,2003
40,Wyoming,39000,75,2925000,38000,1.1,3218000,2004
40,Wyoming,40000,56,2240000,29100,0.89,1994000,2005
40,Wyoming,39000,85,3315000,49700,0.98,3249000,2006
40,Wyoming,43000,80,3440000,89400,1,3440000,2007
40,Wyoming,39000,61,2379000,38100,1.37,3259000,2008
40,Wyoming,37000,48,1776000,39100,1.43,2540000,2009
40,Wyoming,34000,36,1224000,28200,1.59,1946000,2010
40,Wyoming,35000,54,1890000,26500,1.72,3251000,2011
40,Wyoming,50000,51,2550000,45900,1.87,4769000,2012
40,Wyoming,47000,66,3102000,558000,2.109999895095825,6545000,2013
40,Wyoming,38000,61,2318000,255000,2.0799999237060547,3694000,2014
40,Wyoming,38000,77,2926000,146000,1.899999976158142,5559000,2015
40,Wyoming,40000,68,2720000,190000,1.7799999713897705,4842000,2016
40,Wyoming,39000,53,2067000,186000,1.590000033378601,3287000,2017
40,Wyoming,39000,56,2184000,175000,1.909999966621399,4171000,2018
40,Wyoming,39000,56,2184000,306000,1.350000023841858,2948000,2019
40,Wyoming,38000,40,1520000,608000,1.7100000381469727,2599000,2020
40,Wyoming,38000,58,2204000,242000,2.069999933242798,1760000,2021
41,"Other States",33000,39,1295000,186000,3.8299999237060547,4960000,2013
41,"Other States",31000,45,1404000,202000,3.6700000762939453,5153000,2014
41,"Other States",30000,39,1168000,371000,5.03000020980835,5875000,2015
41,"Other States",35000,44,1525000,416000,4.239999771118164,6466000,2016
41,"Other States",34000,43,1473000,184000,4.110000133514404,6054000,2017
41,"Other States",36000,39,1399000,314000,6.019999980926514,8422000,2018
41,"Other States",30000,47,1418000,351000,5.909999847412109,8380000,2019
41,"Other States",33000,42,1375000,303000,4.679999828338623,6435000,2020
41,"Other States",28000,38,1349000,340000,4.900000095367432,6610000,2021
42,"United States",2650000,56.6,149499000,38160000,2.140000104904175,320077000,2013
42,"United States",2740000,65.1,178270000,41192000,2.1700000762939453,387381000,2014
42,"United States",2660000,58.9,156544000,42203000,2.0899999141693115,327177000,2015
42,"United States",2775000,58.3,161882000,41253000,2.119999885559082,343028000,2016
42,"United States",2669000,55.3,147638000,30577000,2.1600000858306885,318308000,2017
42,"United States",2828000,54.5,154008000,29303000,2.2100000381469727,340358000,2018
42,"United States",2813000,55.8,156922000,41022000,1.9700000286102295,309136000,2019
42,"United States",2706000,54.5,147594000,29715000,2.0999999046325684,309947000,2020
42,"United States",2696000,46.9,126466000,23527000,2.5399999618530273,321224000,2021
43,Maryland,7000,44,308000,9200,1.1,339000,1998
43,Maryland,6000,46,276000,5000,1.64,453000,1999
43,Maryland,6000,46,276000,5200,1.14,315000,2000
43,Maryland,4000,46,184000,5500,1.6,294000,2001
43,Maryland,3000,46,138000,2100,1.96,270000,2002
43,Maryland,2000,42,84000,2100,1.93,162000,2003
44,"New Mexico",14000,55,770000,47000,0.76,585000,1998
44,"New Mexico",15000,52,780000,47600,0.77,601000,1999
44,"New Mexico",15000,64,960000,73900,0.72,691000,2000
44,"New Mexico",10000,70,700000,35000,0.66,462000,2001
44,"New Mexico",11000,44,484000,25200,1.1,532000,2002
44,"New Mexico",6000,41,246000,10800,1.2,295000,2003
44,"New Mexico",8000,44,352000,12700,1.19,419000,2004
44,"New Mexico",7000,49,343000,11300,1.03,353000,2005
44,"New Mexico",7000,48,336000,10400,1.19,400000,2006
44,"New Mexico",6000,59,354000,13800,1.42,503000,2007
44,"New Mexico",6000,48,288000,9500,1.48,426000,2008
44,"New Mexico",7000,60,420000,14300,1.59,668000,2009
44,"New Mexico",7000,66,462000,15700,1.58,730000,2010
44,"New Mexico",7000,56,392000,15300,1.69,662000,2011
44,"New Mexico",5000,52,260000,9900,3.39,881000,2012
45,Nevada,10000,46,460000,17500,1.65,759000,1998
45,Nevada,9000,45,405000,27100,1.54,624000,1999
45,Nevada,10000,35,350000,9500,1.45,508000,2000
45,Nevada,9000,50,450000,3600,2.14,963000,2001
45,Nevada,9000,62,558000,6100,2.67,1490000,2002
45,Nevada,6000,64,384000,4600,2.04,783000,2003
45,Nevada,14000,55,770000,31600,1.78,1371000,2004
45,Nevada,12000,46,552000,44200,3.11,1717000,2005
45,Nevada,9000,37,333000,5000,3.62,1205000,2006
45,Nevada,10000,28,280000,6700,2.99,837000,2007
45,Nevada,10000,29,290000,5200,1.42,412000,2008
46,Oklahoma,4000,51,204000,6300,1.24,253000,1998
46,Oklahoma,6000,45,270000,4900,1.34,362000,1999
46,Oklahoma,7000,35,245000,6400,1.26,309000,2000
